status,region
Full-time,Eastern Edition
Full-time,Eastern Edition
Full-time,Eastern Edition
Full-time,Eastern Edition
Full-time,Eastern Edition
Full-time,Eastern Edition
Full-time,Eastern Edition
Full-time,Eastern Edition
Full-time,Eastern Edition
Full-time,Eastern Edition
Full-time,Eastern Edition
Full-time,Eastern Edition
Full-time,Eastern Edition
Full-time,Eastern Edition
Full-time,Eastern Edition
Full-time,Eastern Edition
Full-time,Eastern Edition
Full-time,Eastern Edition
Full-time,Eastern Edition
Full-time,Eastern Edition
Full-time,Eastern Edition
Full-time,Eastern Edition
Full-time,Eastern Edition
Full-time,Eastern Edition
Full-time,Eastern Edition
Full-time,Eastern Edition
Full-time,Eastern Edition
Full-time,Eastern Edition
Full-time,Eastern Edition
Full-time,Eastern Edition
Full-time,Eastern Edition
Full-time,Eastern Edition
Full-time,Eastern Edition
Full-time,Eastern Edition
Full-time,Eastern Edition
Full-time,Eastern Edition
Full-time,Eastern Edition
Full-time,Eastern Edition
Full-time,Eastern Edition
Full-time,Eastern Edition
Full-time,Eastern Edition
Full-time,Eastern Edition
Full-time,Eastern Edition
Full-time,Eastern Edition
Full-time,Eastern Edition
Full-time,Eastern Edition
Full-time,Eastern Edition
Full-time,Eastern Edition
Full-time,Eastern Edition
Full-time,Eastern Edition
Full-time,Eastern Edition
Full-time,Eastern Edition
Full-time,Eastern Edition
Full-time,Eastern Edition
Full-time,Eastern Edition
Full-time,Eastern Edition
Full-time,Eastern Edition
Full-time,Eastern Edition
Full-time,Eastern Edition
Full-time,Eastern Edition
Full-time,Eastern Edition
Full-time,Eastern Edition
Full-time,Eastern Edition
Full-time,Eastern Edition
Full-time,Eastern Edition
Full-time,Eastern Edition
Full-time,Eastern Edition
Full-time,Eastern Edition
Full-time,Eastern Edition
Full-time,Eastern Edition
Full-time,Eastern Edition
Full-time,Eastern Edition
Full-time,Eastern Edition
Full-time,Eastern Edition
Full-time,Eastern Edition
Full-time,Eastern Edition
Full-time,Eastern Edition
Full-time,Eastern Edition
Full-time,Eastern Edition
Full-time,Eastern Edition
Full-time,Eastern Edition
Full-time,Eastern Edition
Full-time,Eastern Edition
Full-time,Eastern Edition
Full-time,Eastern Edition
Full-time,Eastern Edition
Full-time,Eastern Edition
Full-time,Eastern Edition
Full-time,Eastern Edition
Full-time,Eastern Edition
Full-time,Eastern Edition
Full-time,Eastern Edition
Full-time,Eastern Edition
Full-time,Eastern Edition
Full-time,Eastern Edition
Full-time,Eastern Edition
Full-time,Eastern Edition
Full-time,Eastern Edition
Full-time,Eastern Edition
Full-time,Eastern Edition
Full-time,Eastern Edition
Full-time,Eastern Edition
Full-time,Eastern Edition
Full-time,Eastern Edition
Full-time,Eastern Edition
Full-time,Eastern Edition
Full-time,Eastern Edition
Full-time,Eastern Edition
Full-time,Eastern Edition
Full-time,Eastern Edition
Full-time,Eastern Edition
Full-time,Eastern Edition
Full-time,Eastern Edition
Full-time,Eastern Edition
Full-time,Eastern Edition
Full-time,Eastern Edition
Full-time,Eastern Edition
Full-time,Eastern Edition
Full-time,Eastern Edition
Full-time,Eastern Edition
Full-time,Eastern Edition
Full-time,Eastern Edition
Full-time,Eastern Edition
Full-time,Eastern Edition
Full-time,Eastern Edition
Full-time,Eastern Edition
Full-time,Eastern Edition
Full-time,Eastern Edition
Full-time,Eastern Edition
Full-time,Eastern Edition
Full-time,Eastern Edition
Full-time,Eastern Edition
Full-time,Eastern Edition
Full-time,Eastern Edition
Full-time,Eastern Edition
Full-time,Eastern Edition
Full-time,Eastern Edition
Full-time,Eastern Edition
Full-time,Eastern Edition
Full-time,Eastern Edition
Full-time,Eastern Edition
Full-time,Eastern Edition
Full-time,Eastern Edition
Full-time,Eastern Edition
Full-time,Eastern Edition
Full-time,Eastern Edition
Full-time,Eastern Edition
Full-time,Eastern Edition
Full-time,Eastern Edition
Full-time,Eastern Edition
Full-time,Eastern Edition
Full-time,Eastern Edition
Full-time,Eastern Edition
Full-time,Eastern Edition
Full-time,Eastern Edition
Full-time,Eastern Edition
Full-time,Eastern Edition
Full-time,Eastern Edition
Full-time,Eastern Edition
Full-time,Eastern Edition
Full-time,Eastern Edition
Full-time,Eastern Edition
Full-time,Eastern Edition
Full-time,Eastern Edition
Full-time,Eastern Edition
Full-time,Eastern Edition
Full-time,Eastern Edition
Full-time,Eastern Edition
Full-time,Eastern Edition
Full-time,Eastern Edition
Full-time,Eastern Edition
Full-time,Eastern Edition
Full-time,Eastern Edition
Full-time,Eastern Edition
Full-time,Eastern Edition
Full-time,Eastern Edition
Full-time,Eastern Edition
Full-time,Eastern Edition
Full-time,Eastern Edition
Full-time,Eastern Edition
Full-time,Eastern Edition
Full-time,Eastern Edition
Full-time,Eastern Edition
Full-time,Eastern Edition
Full-time,Eastern Edition
Full-time,Eastern Edition
Full-time,Eastern Edition
Full-time,Eastern Edition
Full-time,Eastern Edition
Full-time,Eastern Edition
Full-time,Eastern Edition
Full-time,Eastern Edition
Full-time,Eastern Edition
Full-time,Eastern Edition
Full-time,Eastern Edition
Full-time,Eastern Edition
Full-time,Eastern Edition
Full-time,Eastern Edition
Full-time,Eastern Edition
Full-time,Eastern Edition
Full-time,Eastern Edition
Full-time,Eastern Edition
Full-time,Eastern Edition
Full-time,Eastern Edition
Full-time,Eastern Edition
Full-time,Eastern Edition
Full-time,Eastern Edition
Full-time,Eastern Edition
Full-time,Eastern Edition
Full-time,Eastern Edition
Full-time,Eastern Edition
Full-time,Eastern Edition
Full-time,Eastern Edition
Full-time,Eastern Edition
Full-time,Eastern Edition
Full-time,Eastern Edition
Full-time,Eastern Edition
Full-time,Eastern Edition
Full-time,Eastern Edition
Full-time,Eastern Edition
Full-time,Eastern Edition
Full-time,Eastern Edition
Full-time,Eastern Edition
Full-time,Eastern Edition
Full-time,Eastern Edition
Full-time,Eastern Edition
Full-time,Eastern Edition
Full-time,Eastern Edition
Full-time,Eastern Edition
Full-time,Eastern Edition
Full-time,Eastern Edition
Full-time,Eastern Edition
Full-time,Eastern Edition
Full-time,Eastern Edition
Full-time,Eastern Edition
Full-time,Eastern Edition
Full-time,Eastern Edition
Full-time,Eastern Edition
Full-time,Eastern Edition
Full-time,Eastern Edition
Full-time,Eastern Edition
Full-time,Eastern Edition
Full-time,Eastern Edition
Full-time,Eastern Edition
Full-time,Eastern Edition
Full-time,Eastern Edition
Full-time,Eastern Edition
Full-time,Eastern Edition
Full-time,Eastern Edition
Full-time,Eastern Edition
Full-time,Eastern Edition
Full-time,Eastern Edition
Full-time,Eastern Edition
Full-time,Eastern Edition
Full-time,Eastern Edition
Full-time,Eastern Edition
Full-time,Eastern Edition
Full-time,Eastern Edition
Full-time,Eastern Edition
Full-time,Eastern Edition
Full-time,Eastern Edition
Full-time,Eastern Edition
Full-time,Eastern Edition
Full-time,Eastern Edition
Full-time,Eastern Edition
Full-time,Eastern Edition
Full-time,Eastern Edition
Full-time,Eastern Edition
Full-time,Eastern Edition
Full-time,Eastern Edition
Full-time,Eastern Edition
Full-time,Eastern Edition
Full-time,Eastern Edition
Full-time,Eastern Edition
Full-time,Eastern Edition
Full-time,Eastern Edition
Full-time,Eastern Edition
Full-time,Eastern Edition
Full-time,Eastern Edition
Full-time,Eastern Edition
Full-time,Eastern Edition
Full-time,Eastern Edition
Full-time,Eastern Edition
Full-time,Eastern Edition
Full-time,Eastern Edition
Full-time,Eastern Edition
Full-time,Eastern Edition
Full-time,Eastern Edition
Full-time,Eastern Edition
Full-time,Eastern Edition
Full-time,Eastern Edition
Full-time,Eastern Edition
Full-time,Eastern Edition
Full-time,Eastern Edition
Full-time,Eastern Edition
Full-time,Eastern Edition
Full-time,Eastern Edition
Full-time,Eastern Edition
Full-time,Eastern Edition
Full-time,Eastern Edition
Full-time,Eastern Edition
Full-time,Eastern Edition
Full-time,Eastern Edition
Full-time,Eastern Edition
Full-time,Eastern Edition
Full-time,Eastern Edition
Full-time,Eastern Edition
Full-time,Eastern Edition
Full-time,Eastern Edition
Full-time,Eastern Edition
Full-time,Eastern Edition
Full-time,Eastern Edition
Full-time,Eastern Edition
Full-time,Eastern Edition
Full-time,Eastern Edition
Full-time,Eastern Edition
Full-time,Eastern Edition
Full-time,Eastern Edition
Full-time,Eastern Edition
Full-time,Eastern Edition
Full-time,Eastern Edition
Full-time,Eastern Edition
Full-time,Eastern Edition
Full-time,Eastern Edition
Full-time,Eastern Edition
Full-time,Eastern Edition
Full-time,Eastern Edition
Full-time,Eastern Edition
Full-time,Eastern Edition
Full-time,Eastern Edition
Full-time,Eastern Edition
Full-time,Eastern Edition
Full-time,Eastern Edition
Full-time,Eastern Edition
Full-time,Eastern Edition
Full-time,Eastern Edition
Full-time,Eastern Edition
Full-time,Eastern Edition
Full-time,Eastern Edition
Full-time,Eastern Edition
Full-time,Eastern Edition
Full-time,Eastern Edition
Full-time,Eastern Edition
Full-time,Eastern Edition
Full-time,Eastern Edition
Full-time,Eastern Edition
Full-time,Eastern Edition
Full-time,Eastern Edition
Full-time,Eastern Edition
Full-time,Eastern Edition
Full-time,Eastern Edition
Full-time,Eastern Edition
Full-time,Eastern Edition
Full-time,Eastern Edition
Full-time,Eastern Edition
Full-time,Eastern Edition
Full-time,Eastern Edition
Full-time,Eastern Edition
Full-time,Eastern Edition
Full-time,Eastern Edition
Full-time,Eastern Edition
Full-time,Eastern Edition
Full-time,Eastern Edition
Full-time,Eastern Edition
Full-time,Eastern Edition
Full-time,Eastern Edition
Full-time,Eastern Edition
Full-time,Eastern Edition
Full-time,Eastern Edition
Full-time,Eastern Edition
Full-time,Eastern Edition
Full-time,Eastern Edition
Full-time,Eastern Edition
Full-time,Eastern Edition
Full-time,Eastern Edition
Full-time,Eastern Edition
Full-time,Eastern Edition
Full-time,Eastern Edition
Full-time,Eastern Edition
Full-time,Eastern Edition
Full-time,Eastern Edition
Full-time,Eastern Edition
Full-time,Eastern Edition
Full-time,Eastern Edition
Full-time,Eastern Edition
Full-time,Eastern Edition
Full-time,Eastern Edition
Full-time,Eastern Edition
Full-time,Eastern Edition
Full-time,Eastern Edition
Full-time,Eastern Edition
Full-time,Eastern Edition
Full-time,Eastern Edition
Full-time,Eastern Edition
Full-time,Eastern Edition
Full-time,Eastern Edition
Full-time,Eastern Edition
Full-time,Eastern Edition
Full-time,Eastern Edition
Full-time,Eastern Edition
Full-time,Eastern Edition
Full-time,Eastern Edition
Full-time,Eastern Edition
Full-time,Eastern Edition
Full-time,Eastern Edition
Full-time,Eastern Edition
Full-time,Eastern Edition
Full-time,Eastern Edition
Full-time,Eastern Edition
Full-time,Eastern Edition
Full-time,Eastern Edition
Full-time,Eastern Edition
Full-time,Eastern Edition
Full-time,Eastern Edition
Full-time,Eastern Edition
Full-time,Eastern Edition
Full-time,Eastern Edition
Full-time,Eastern Edition
Full-time,Eastern Edition
Full-time,Eastern Edition
Full-time,Eastern Edition
Full-time,Eastern Edition
Full-time,Eastern Edition
Full-time,Eastern Edition
Full-time,Eastern Edition
Full-time,Eastern Edition
Full-time,Eastern Edition
Full-time,Eastern Edition
Full-time,Eastern Edition
Full-time,Eastern Edition
Full-time,Eastern Edition
Full-time,Eastern Edition
Full-time,Eastern Edition
Full-time,Eastern Edition
Full-time,Eastern Edition
Full-time,Eastern Edition
Full-time,Eastern Edition
Full-time,Eastern Edition
Full-time,Eastern Edition
Full-time,Eastern Edition
Full-time,Eastern Edition
Full-time,Eastern Edition
Full-time,Eastern Edition
Full-time,Eastern Edition
Full-time,Eastern Edition
Full-time,Eastern Edition
Full-time,Eastern Edition
Full-time,Eastern Edition
Full-time,Eastern Edition
Full-time,Eastern Edition
Full-time,Eastern Edition
Full-time,Eastern Edition
Full-time,Eastern Edition
Full-time,Eastern Edition
Full-time,Eastern Edition
Full-time,Eastern Edition
Full-time,Eastern Edition
Full-time,Eastern Edition
Full-time,Eastern Edition
Full-time,Eastern Edition
Full-time,Eastern Edition
Full-time,Eastern Edition
Full-time,Eastern Edition
Full-time,Eastern Edition
Full-time,Eastern Edition
Full-time,Eastern Edition
Full-time,Eastern Edition
Full-time,Eastern Edition
Full-time,Eastern Edition
Full-time,Eastern Edition
Full-time,Eastern Edition
Full-time,Eastern Edition
Full-time,Eastern Edition
Full-time,Eastern Edition
Full-time,Eastern Edition
Full-time,Eastern Edition
Full-time,Eastern Edition
Full-time,Eastern Edition
Full-time,Eastern Edition
Full-time,Eastern Edition
Full-time,Eastern Edition
Full-time,Eastern Edition
Full-time,Eastern Edition
Full-time,Eastern Edition
Full-time,Eastern Edition
Full-time,Eastern Edition
Full-time,Eastern Edition
Full-time,Eastern Edition
Full-time,Eastern Edition
Full-time,Eastern Edition
Full-time,Eastern Edition
Full-time,Eastern Edition
Full-time,Eastern Edition
Full-time,Eastern Edition
Full-time,Eastern Edition
Full-time,Eastern Edition
Full-time,Eastern Edition
Full-time,Eastern Edition
Full-time,Eastern Edition
Full-time,Eastern Edition
Full-time,Eastern Edition
Full-time,Eastern Edition
Full-time,Eastern Edition
Full-time,Eastern Edition
Full-time,Eastern Edition
Full-time,Eastern Edition
Full-time,Eastern Edition
Full-time,Eastern Edition
Full-time,Eastern Edition
Full-time,Eastern Edition
Full-time,Eastern Edition
Full-time,Eastern Edition
Full-time,Eastern Edition
Full-time,Eastern Edition
Full-time,Eastern Edition
Full-time,Eastern Edition
Full-time,Eastern Edition
Full-time,Eastern Edition
Full-time,Eastern Edition
Full-time,Eastern Edition
Full-time,Eastern Edition
Full-time,Eastern Edition
Full-time,Eastern Edition
Full-time,Eastern Edition
Full-time,Eastern Edition
Full-time,Eastern Edition
Full-time,Eastern Edition
Full-time,Eastern Edition
Full-time,Eastern Edition
Full-time,Eastern Edition
Full-time,Eastern Edition
Full-time,Eastern Edition
Full-time,Eastern Edition
Full-time,Eastern Edition
Full-time,Eastern Edition
Full-time,Eastern Edition
Full-time,Eastern Edition
Full-time,Eastern Edition
Full-time,Eastern Edition
Full-time,Eastern Edition
Full-time,Eastern Edition
Full-time,Eastern Edition
Full-time,Eastern Edition
Full-time,Eastern Edition
Full-time,Eastern Edition
Full-time,Eastern Edition
Full-time,Eastern Edition
Full-time,Eastern Edition
Full-time,Eastern Edition
Full-time,Eastern Edition
Full-time,Eastern Edition
Full-time,Eastern Edition
Full-time,Eastern Edition
Full-time,Eastern Edition
Full-time,Eastern Edition
Full-time,Eastern Edition
Full-time,Eastern Edition
Full-time,Eastern Edition
Full-time,Eastern Edition
Full-time,Eastern Edition
Full-time,Eastern Edition
Full-time,Eastern Edition
Full-time,Eastern Edition
Full-time,Eastern Edition
Full-time,Eastern Edition
Full-time,Eastern Edition
Full-time,Eastern Edition
Full-time,Eastern Edition
Full-time,Eastern Edition
Full-time,Eastern Edition
Full-time,Eastern Edition
Full-time,Eastern Edition
Full-time,Eastern Edition
Full-time,Eastern Edition
Full-time,Eastern Edition
Full-time,Eastern Edition
Full-time,Eastern Edition
Full-time,Eastern Edition
Full-time,Eastern Edition
Full-time,Eastern Edition
Full-time,Eastern Edition
Full-time,Eastern Edition
Full-time,Eastern Edition
Full-time,Eastern Edition
Full-time,Eastern Edition
Full-time,Eastern Edition
Full-time,Eastern Edition
Full-time,Eastern Edition
Full-time,Eastern Edition
Full-time,Eastern Edition
Full-time,Eastern Edition
Full-time,Eastern Edition
Full-time,Eastern Edition
Full-time,Eastern Edition
Full-time,Eastern Edition
Full-time,Eastern Edition
Full-time,Eastern Edition
Full-time,Eastern Edition
Full-time,Eastern Edition
Full-time,Eastern Edition
Full-time,Eastern Edition
Full-time,Eastern Edition
Full-time,Eastern Edition
Full-time,Eastern Edition
Full-time,Eastern Edition
Full-time,Eastern Edition
Full-time,Eastern Edition
Full-time,Eastern Edition
Full-time,Eastern Edition
Full-time,Eastern Edition
Full-time,Eastern Edition
Full-time,Eastern Edition
Full-time,Eastern Edition
Full-time,Eastern Edition
Full-time,Eastern Edition
Full-time,Eastern Edition
Full-time,Eastern Edition
Full-time,Eastern Edition
Full-time,Eastern Edition
Full-time,Eastern Edition
Full-time,Eastern Edition
Full-time,Eastern Edition
Full-time,Eastern Edition
Full-time,Eastern Edition
Full-time,Eastern Edition
Full-time,Eastern Edition
Full-time,Eastern Edition
Full-time,Eastern Edition
Full-time,Eastern Edition
Full-time,Eastern Edition
Full-time,Eastern Edition
Full-time,Eastern Edition
Full-time,Eastern Edition
Full-time,Eastern Edition
Full-time,Eastern Edition
Full-time,Eastern Edition
Full-time,Eastern Edition
Full-time,Eastern Edition
Full-time,Eastern Edition
Full-time,Eastern Edition
Full-time,Eastern Edition
Full-time,Eastern Edition
Full-time,Eastern Edition
Full-time,Eastern Edition
Full-time,Eastern Edition
Full-time,Eastern Edition
Full-time,Eastern Edition
Full-time,Eastern Edition
Full-time,Eastern Edition
Full-time,Eastern Edition
Full-time,Eastern Edition
Full-time,Eastern Edition
Full-time,Eastern Edition
Full-time,Eastern Edition
Full-time,Eastern Edition
Full-time,Eastern Edition
Full-time,Eastern Edition
Full-time,Eastern Edition
Full-time,Eastern Edition
Full-time,Eastern Edition
Full-time,Eastern Edition
Full-time,Eastern Edition
Full-time,Eastern Edition
Full-time,Eastern Edition
Full-time,Eastern Edition
Full-time,Eastern Edition
Full-time,Eastern Edition
Full-time,Eastern Edition
Full-time,Eastern Edition
Full-time,Eastern Edition
Full-time,Eastern Edition
Full-time,Eastern Edition
Full-time,Eastern Edition
Full-time,Eastern Edition
Full-time,Eastern Edition
Full-time,Eastern Edition
Full-time,Eastern Edition
Full-time,Eastern Edition
Full-time,Eastern Edition
Full-time,Eastern Edition
Full-time,Eastern Edition
Full-time,Eastern Edition
Full-time,Eastern Edition
Full-time,Eastern Edition
Full-time,Eastern Edition
Full-time,Eastern Edition
Full-time,Eastern Edition
Full-time,Eastern Edition
Full-time,Eastern Edition
Full-time,Eastern Edition
Full-time,Eastern Edition
Full-time,Eastern Edition
Full-time,Eastern Edition
Full-time,Eastern Edition
Full-time,Eastern Edition
Full-time,Eastern Edition
Full-time,Eastern Edition
Full-time,Eastern Edition
Full-time,Eastern Edition
Full-time,Eastern Edition
Full-time,Eastern Edition
Full-time,Eastern Edition
Full-time,Eastern Edition
Full-time,Eastern Edition
Full-time,Eastern Edition
Full-time,Eastern Edition
Full-time,Eastern Edition
Full-time,Eastern Edition
Full-time,Eastern Edition
Full-time,Eastern Edition
Full-time,Eastern Edition
Full-time,Eastern Edition
Full-time,Eastern Edition
Full-time,Eastern Edition
Full-time,Eastern Edition
Full-time,Eastern Edition
Full-time,Eastern Edition
Full-time,Eastern Edition
Full-time,Eastern Edition
Full-time,Eastern Edition
Full-time,Eastern Edition
Full-time,Eastern Edition
Full-time,Eastern Edition
Full-time,Eastern Edition
Full-time,Eastern Edition
Full-time,Eastern Edition
Full-time,Eastern Edition
Full-time,Eastern Edition
Full-time,Eastern Edition
Full-time,Eastern Edition
Full-time,Eastern Edition
Full-time,Eastern Edition
Full-time,Eastern Edition
Full-time,Eastern Edition
Full-time,Eastern Edition
Full-time,Eastern Edition
Full-time,Eastern Edition
Full-time,Eastern Edition
Full-time,Eastern Edition
Full-time,Eastern Edition
Full-time,Eastern Edition
Full-time,Eastern Edition
Full-time,Eastern Edition
Full-time,Eastern Edition
Full-time,Eastern Edition
Full-time,Eastern Edition
Full-time,Eastern Edition
Full-time,Eastern Edition
Full-time,Eastern Edition
Full-time,Eastern Edition
Full-time,Eastern Edition
Full-time,Eastern Edition
Full-time,Eastern Edition
Full-time,Eastern Edition
Full-time,Eastern Edition
Full-time,Eastern Edition
Full-time,Eastern Edition
Full-time,Eastern Edition
Full-time,Eastern Edition
Full-time,Eastern Edition
Full-time,Eastern Edition
Full-time,Eastern Edition
Full-time,Eastern Edition
Full-time,Eastern Edition
Full-time,Eastern Edition
Full-time,Eastern Edition
Full-time,Eastern Edition
Full-time,Eastern Edition
Full-time,Eastern Edition
Full-time,Eastern Edition
Full-time,Eastern Edition
Full-time,Eastern Edition
Full-time,Eastern Edition
Full-time,Eastern Edition
Full-time,Eastern Edition
Full-time,Eastern Edition
Full-time,Eastern Edition
Full-time,Eastern Edition
Full-time,Eastern Edition
Full-time,Eastern Edition
Full-time,Eastern Edition
Full-time,Eastern Edition
Full-time,Eastern Edition
Full-time,Eastern Edition
Full-time,Eastern Edition
Full-time,Eastern Edition
Full-time,Eastern Edition
Full-time,Eastern Edition
Full-time,Eastern Edition
Full-time,Eastern Edition
Full-time,Eastern Edition
Full-time,Eastern Edition
Full-time,Eastern Edition
Full-time,Eastern Edition
Full-time,Eastern Edition
Full-time,Eastern Edition
Full-time,Eastern Edition
Full-time,Eastern Edition
Full-time,Eastern Edition
Full-time,Eastern Edition
Full-time,Eastern Edition
Full-time,Eastern Edition
Full-time,Eastern Edition
Full-time,Eastern Edition
Full-time,Eastern Edition
Full-time,Eastern Edition
Full-time,Eastern Edition
Full-time,Eastern Edition
Full-time,Eastern Edition
Full-time,Eastern Edition
Full-time,Eastern Edition
Full-time,Eastern Edition
Full-time,Eastern Edition
Full-time,Eastern Edition
Full-time,Eastern Edition
Full-time,Eastern Edition
Full-time,Eastern Edition
Full-time,Eastern Edition
Full-time,Eastern Edition
Full-time,Eastern Edition
Full-time,Eastern Edition
Full-time,Eastern Edition
Full-time,Eastern Edition
Full-time,Eastern Edition
Full-time,Eastern Edition
Full-time,Eastern Edition
Full-time,Eastern Edition
Full-time,Eastern Edition
Full-time,Eastern Edition
Full-time,Eastern Edition
Full-time,Eastern Edition
Full-time,Eastern Edition
Full-time,Eastern Edition
Full-time,Eastern Edition
Full-time,Eastern Edition
Full-time,Eastern Edition
Full-time,Eastern Edition
Full-time,Eastern Edition
Full-time,Eastern Edition
Full-time,Eastern Edition
Full-time,Eastern Edition
Full-time,Eastern Edition
Full-time,Eastern Edition
Full-time,Eastern Edition
Full-time,Eastern Edition
Full-time,Eastern Edition
Full-time,Eastern Edition
Full-time,Eastern Edition
Full-time,Eastern Edition
Full-time,Eastern Edition
Full-time,Eastern Edition
Full-time,Eastern Edition
Full-time,Eastern Edition
Full-time,Eastern Edition
Full-time,Eastern Edition
Full-time,Eastern Edition
Full-time,Eastern Edition
Full-time,Eastern Edition
Full-time,Eastern Edition
Full-time,Eastern Edition
Full-time,Eastern Edition
Full-time,Eastern Edition
Full-time,Eastern Edition
Full-time,Eastern Edition
Full-time,Eastern Edition
Full-time,Eastern Edition
Full-time,Eastern Edition
Full-time,Eastern Edition
Full-time,Eastern Edition
Full-time,Eastern Edition
Full-time,Eastern Edition
Full-time,Eastern Edition
Full-time,Eastern Edition
Full-time,Eastern Edition
Full-time,Eastern Edition
Full-time,Eastern Edition
Full-time,Eastern Edition
Full-time,Eastern Edition
Full-time,Eastern Edition
Full-time,Eastern Edition
Full-time,Eastern Edition
Full-time,Eastern Edition
Full-time,Eastern Edition
Full-time,Eastern Edition
Full-time,Eastern Edition
Full-time,Eastern Edition
Full-time,Eastern Edition
Full-time,Eastern Edition
Full-time,Eastern Edition
Full-time,Eastern Edition
Full-time,Eastern Edition
Full-time,Eastern Edition
Full-time,Eastern Edition
Full-time,Eastern Edition
Full-time,Eastern Edition
Full-time,Eastern Edition
Full-time,Eastern Edition
Full-time,Eastern Edition
Full-time,Eastern Edition
Full-time,Eastern Edition
Full-time,Eastern Edition
Full-time,Eastern Edition
Full-time,Eastern Edition
Full-time,Eastern Edition
Full-time,Eastern Edition
Full-time,Eastern Edition
Full-time,Eastern Edition
Full-time,Eastern Edition
Full-time,Eastern Edition
Full-time,Eastern Edition
Full-time,Eastern Edition
Full-time,Eastern Edition
Full-time,Eastern Edition
Full-time,Eastern Edition
Full-time,Eastern Edition
Full-time,Eastern Edition
Full-time,Eastern Edition
Full-time,Eastern Edition
Full-time,Eastern Edition
Full-time,Eastern Edition
Full-time,Eastern Edition
Full-time,Eastern Edition
Full-time,Eastern Edition
Full-time,Eastern Edition
Full-time,Eastern Edition
Full-time,Eastern Edition
Full-time,Eastern Edition
Full-time,Eastern Edition
Full-time,Eastern Edition
Full-time,Eastern Edition
Full-time,Eastern Edition
Full-time,Eastern Edition
Full-time,Eastern Edition
Full-time,Eastern Edition
Full-time,Eastern Edition
Full-time,Eastern Edition
Full-time,Eastern Edition
Full-time,Eastern Edition
Full-time,Eastern Edition
Full-time,Eastern Edition
Full-time,Eastern Edition
Full-time,Eastern Edition
Full-time,Eastern Edition
Full-time,Eastern Edition
Full-time,Eastern Edition
Full-time,Eastern Edition
Full-time,Eastern Edition
Full-time,Eastern Edition
Full-time,Eastern Edition
Full-time,Eastern Edition
Full-time,Eastern Edition
Full-time,Eastern Edition
Full-time,Eastern Edition
Full-time,Eastern Edition
Full-time,Eastern Edition
Full-time,Eastern Edition
Full-time,Eastern Edition
Full-time,Eastern Edition
Full-time,Eastern Edition
Full-time,Eastern Edition
Full-time,Eastern Edition
Full-time,Eastern Edition
Full-time,Eastern Edition
Full-time,Eastern Edition
Full-time,Eastern Edition
Full-time,Eastern Edition
Full-time,Eastern Edition
Full-time,Eastern Edition
Full-time,Eastern Edition
Full-time,Eastern Edition
Full-time,Eastern Edition
Full-time,Eastern Edition
Full-time,Eastern Edition
Full-time,Eastern Edition
Full-time,Eastern Edition
Full-time,Eastern Edition
Full-time,Eastern Edition
Full-time,Eastern Edition
Full-time,Eastern Edition
Full-time,Eastern Edition
Full-time,Eastern Edition
Full-time,Eastern Edition
Full-time,Eastern Edition
Full-time,Eastern Edition
Full-time,Eastern Edition
Full-time,Eastern Edition
Full-time,Eastern Edition
Full-time,Eastern Edition
Full-time,Eastern Edition
Full-time,Eastern Edition
Full-time,Eastern Edition
Full-time,Eastern Edition
Full-time,Eastern Edition
Full-time,Eastern Edition
Full-time,Eastern Edition
Full-time,Eastern Edition
Full-time,Eastern Edition
Full-time,Eastern Edition
Full-time,Eastern Edition
Full-time,Eastern Edition
Full-time,Eastern Edition
Full-time,Eastern Edition
Full-time,Eastern Edition
Full-time,Eastern Edition
Full-time,Eastern Edition
Full-time,Eastern Edition
Full-time,Eastern Edition
Full-time,Eastern Edition
Full-time,Eastern Edition
Full-time,Eastern Edition
Full-time,Eastern Edition
Full-time,Eastern Edition
Full-time,Eastern Edition
Full-time,Eastern Edition
Full-time,Eastern Edition
Full-time,Eastern Edition
Full-time,Eastern Edition
Full-time,Eastern Edition
Full-time,Eastern Edition
Full-time,Eastern Edition
Full-time,Eastern Edition
Full-time,Eastern Edition
Full-time,Eastern Edition
Full-time,Eastern Edition
Full-time,Eastern Edition
Full-time,Eastern Edition
Full-time,Eastern Edition
Full-time,Eastern Edition
Full-time,Eastern Edition
Full-time,Eastern Edition
Full-time,Eastern Edition
Full-time,Eastern Edition
Full-time,Eastern Edition
Full-time,Eastern Edition
Full-time,Eastern Edition
Full-time,Eastern Edition
Full-time,Eastern Edition
Full-time,Eastern Edition
Full-time,Eastern Edition
Full-time,Eastern Edition
Full-time,Eastern Edition
Full-time,Eastern Edition
Full-time,Eastern Edition
Full-time,Eastern Edition
Full-time,Eastern Edition
Full-time,Eastern Edition
Full-time,Eastern Edition
Full-time,Eastern Edition
Full-time,Eastern Edition
Full-time,Eastern Edition
Full-time,Eastern Edition
Full-time,Eastern Edition
Full-time,Eastern Edition
Full-time,Eastern Edition
Full-time,Eastern Edition
Full-time,Eastern Edition
Full-time,Eastern Edition
Full-time,Eastern Edition
Full-time,Eastern Edition
Full-time,Eastern Edition
Full-time,Eastern Edition
Full-time,Eastern Edition
Full-time,Eastern Edition
Full-time,Eastern Edition
Full-time,Eastern Edition
Full-time,Eastern Edition
Full-time,Eastern Edition
Full-time,Eastern Edition
Full-time,Eastern Edition
Full-time,Eastern Edition
Full-time,Eastern Edition
Full-time,Eastern Edition
Full-time,Eastern Edition
Full-time,Eastern Edition
Full-time,Eastern Edition
Full-time,Eastern Edition
Full-time,Eastern Edition
Full-time,Eastern Edition
Full-time,Eastern Edition
Full-time,Eastern Edition
Full-time,Eastern Edition
Full-time,Eastern Edition
Full-time,Eastern Edition
Full-time,Eastern Edition
Full-time,Eastern Edition
Full-time,Eastern Edition
Full-time,Eastern Edition
Full-time,Eastern Edition
Full-time,Eastern Edition
Full-time,Eastern Edition
Full-time,Eastern Edition
Full-time,Eastern Edition
Full-time,Eastern Edition
Full-time,Eastern Edition
Full-time,Eastern Edition
Full-time,Eastern Edition
Full-time,Eastern Edition
Full-time,Eastern Edition
Full-time,Eastern Edition
Full-time,Eastern Edition
Full-time,Eastern Edition
Full-time,Eastern Edition
Full-time,Eastern Edition
Full-time,Eastern Edition
Full-time,Eastern Edition
Part-time,Eastern Edition
Part-time,Eastern Edition
Part-time,Eastern Edition
Part-time,Eastern Edition
Part-time,Eastern Edition
Part-time,Eastern Edition
Part-time,Eastern Edition
Part-time,Eastern Edition
Part-time,Eastern Edition
Part-time,Eastern Edition
Part-time,Eastern Edition
Part-time,Eastern Edition
Part-time,Eastern Edition
Part-time,Eastern Edition
Part-time,Eastern Edition
Part-time,Eastern Edition
Part-time,Eastern Edition
Part-time,Eastern Edition
Part-time,Eastern Edition
Part-time,Eastern Edition
Part-time,Eastern Edition
Part-time,Eastern Edition
Part-time,Eastern Edition
Part-time,Eastern Edition
Part-time,Eastern Edition
Part-time,Eastern Edition
Part-time,Eastern Edition
Part-time,Eastern Edition
Part-time,Eastern Edition
Part-time,Eastern Edition
Part-time,Eastern Edition
Self-employed/consultant,Eastern Edition
Self-employed/consultant,Eastern Edition
Self-employed/consultant,Eastern Edition
Self-employed/consultant,Eastern Edition
Self-employed/consultant,Eastern Edition
Self-employed/consultant,Eastern Edition
Self-employed/consultant,Eastern Edition
Self-employed/consultant,Eastern Edition
Self-employed/consultant,Eastern Edition
Self-employed/consultant,Eastern Edition
Self-employed/consultant,Eastern Edition
Self-employed/consultant,Eastern Edition
Self-employed/consultant,Eastern Edition
Self-employed/consultant,Eastern Edition
Self-employed/consultant,Eastern Edition
Self-employed/consultant,Eastern Edition
Self-employed/consultant,Eastern Edition
Self-employed/consultant,Eastern Edition
Self-employed/consultant,Eastern Edition
Self-employed/consultant,Eastern Edition
Self-employed/consultant,Eastern Edition
Self-employed/consultant,Eastern Edition
Self-employed/consultant,Eastern Edition
Self-employed/consultant,Eastern Edition
Self-employed/consultant,Eastern Edition
Self-employed/consultant,Eastern Edition
Self-employed/consultant,Eastern Edition
Self-employed/consultant,Eastern Edition
Self-employed/consultant,Eastern Edition
Self-employed/consultant,Eastern Edition
Self-employed/consultant,Eastern Edition
Self-employed/consultant,Eastern Edition
Self-employed/consultant,Eastern Edition
Self-employed/consultant,Eastern Edition
Self-employed/consultant,Eastern Edition
Self-employed/consultant,Eastern Edition
Self-employed/consultant,Eastern Edition
Self-employed/consultant,Eastern Edition
Self-employed/consultant,Eastern Edition
Self-employed/consultant,Eastern Edition
Self-employed/consultant,Eastern Edition
Self-employed/consultant,Eastern Edition
Self-employed/consultant,Eastern Edition
Self-employed/consultant,Eastern Edition
Self-employed/consultant,Eastern Edition
Self-employed/consultant,Eastern Edition
Self-employed/consultant,Eastern Edition
Self-employed/consultant,Eastern Edition
Self-employed/consultant,Eastern Edition
Self-employed/consultant,Eastern Edition
Self-employed/consultant,Eastern Edition
Self-employed/consultant,Eastern Edition
Self-employed/consultant,Eastern Edition
Self-employed/consultant,Eastern Edition
Self-employed/consultant,Eastern Edition
Self-employed/consultant,Eastern Edition
Self-employed/consultant,Eastern Edition
Self-employed/consultant,Eastern Edition
Self-employed/consultant,Eastern Edition
Self-employed/consultant,Eastern Edition
Self-employed/consultant,Eastern Edition
Self-employed/consultant,Eastern Edition
Self-employed/consultant,Eastern Edition
Self-employed/consultant,Eastern Edition
Self-employed/consultant,Eastern Edition
Self-employed/consultant,Eastern Edition
Self-employed/consultant,Eastern Edition
Self-employed/consultant,Eastern Edition
Self-employed/consultant,Eastern Edition
Self-employed/consultant,Eastern Edition
Self-employed/consultant,Eastern Edition
Self-employed/consultant,Eastern Edition
Self-employed/consultant,Eastern Edition
Self-employed/consultant,Eastern Edition
Self-employed/consultant,Eastern Edition
Self-employed/consultant,Eastern Edition
Self-employed/consultant,Eastern Edition
Self-employed/consultant,Eastern Edition
Self-employed/consultant,Eastern Edition
Self-employed/consultant,Eastern Edition
Self-employed/consultant,Eastern Edition
Self-employed/consultant,Eastern Edition
Self-employed/consultant,Eastern Edition
Self-employed/consultant,Eastern Edition
Self-employed/consultant,Eastern Edition
Self-employed/consultant,Eastern Edition
Self-employed/consultant,Eastern Edition
Self-employed/consultant,Eastern Edition
Self-employed/consultant,Eastern Edition
Self-employed/consultant,Eastern Edition
Self-employed/consultant,Eastern Edition
Self-employed/consultant,Eastern Edition
Self-employed/consultant,Eastern Edition
Self-employed/consultant,Eastern Edition
Self-employed/consultant,Eastern Edition
Self-employed/consultant,Eastern Edition
Self-employed/consultant,Eastern Edition
Self-employed/consultant,Eastern Edition
Self-employed/consultant,Eastern Edition
Self-employed/consultant,Eastern Edition
Self-employed/consultant,Eastern Edition
Self-employed/consultant,Eastern Edition
Self-employed/consultant,Eastern Edition
Self-employed/consultant,Eastern Edition
Self-employed/consultant,Eastern Edition
Self-employed/consultant,Eastern Edition
Self-employed/consultant,Eastern Edition
Self-employed/consultant,Eastern Edition
Self-employed/consultant,Eastern Edition
Self-employed/consultant,Eastern Edition
Self-employed/consultant,Eastern Edition
Self-employed/consultant,Eastern Edition
Self-employed/consultant,Eastern Edition
Self-employed/consultant,Eastern Edition
Self-employed/consultant,Eastern Edition
Self-employed/consultant,Eastern Edition
Self-employed/consultant,Eastern Edition
Self-employed/consultant,Eastern Edition
Self-employed/consultant,Eastern Edition
Self-employed/consultant,Eastern Edition
Self-employed/consultant,Eastern Edition
Self-employed/consultant,Eastern Edition
Self-employed/consultant,Eastern Edition
Self-employed/consultant,Eastern Edition
Self-employed/consultant,Eastern Edition
Self-employed/consultant,Eastern Edition
Self-employed/consultant,Eastern Edition
Self-employed/consultant,Eastern Edition
Self-employed/consultant,Eastern Edition
Self-employed/consultant,Eastern Edition
Self-employed/consultant,Eastern Edition
Self-employed/consultant,Eastern Edition
Self-employed/consultant,Eastern Edition
Self-employed/consultant,Eastern Edition
Self-employed/consultant,Eastern Edition
Self-employed/consultant,Eastern Edition
Self-employed/consultant,Eastern Edition
Self-employed/consultant,Eastern Edition
Self-employed/consultant,Eastern Edition
Self-employed/consultant,Eastern Edition
Self-employed/consultant,Eastern Edition
Self-employed/consultant,Eastern Edition
Self-employed/consultant,Eastern Edition
Self-employed/consultant,Eastern Edition
Self-employed/consultant,Eastern Edition
Self-employed/consultant,Eastern Edition
Self-employed/consultant,Eastern Edition
Self-employed/consultant,Eastern Edition
Self-employed/consultant,Eastern Edition
Self-employed/consultant,Eastern Edition
Self-employed/consultant,Eastern Edition
Self-employed/consultant,Eastern Edition
Self-employed/consultant,Eastern Edition
Self-employed/consultant,Eastern Edition
Self-employed/consultant,Eastern Edition
Self-employed/consultant,Eastern Edition
Self-employed/consultant,Eastern Edition
Self-employed/consultant,Eastern Edition
Self-employed/consultant,Eastern Edition
Self-employed/consultant,Eastern Edition
Self-employed/consultant,Eastern Edition
Self-employed/consultant,Eastern Edition
Self-employed/consultant,Eastern Edition
Self-employed/consultant,Eastern Edition
Self-employed/consultant,Eastern Edition
Self-employed/consultant,Eastern Edition
Self-employed/consultant,Eastern Edition
Self-employed/consultant,Eastern Edition
Self-employed/consultant,Eastern Edition
Self-employed/consultant,Eastern Edition
Self-employed/consultant,Eastern Edition
Self-employed/consultant,Eastern Edition
Self-employed/consultant,Eastern Edition
Self-employed/consultant,Eastern Edition
Self-employed/consultant,Eastern Edition
Self-employed/consultant,Eastern Edition
Self-employed/consultant,Eastern Edition
Self-employed/consultant,Eastern Edition
Self-employed/consultant,Eastern Edition
Self-employed/consultant,Eastern Edition
Self-employed/consultant,Eastern Edition
Self-employed/consultant,Eastern Edition
Self-employed/consultant,Eastern Edition
Self-employed/consultant,Eastern Edition
Self-employed/consultant,Eastern Edition
Self-employed/consultant,Eastern Edition
Self-employed/consultant,Eastern Edition
Self-employed/consultant,Eastern Edition
Self-employed/consultant,Eastern Edition
Self-employed/consultant,Eastern Edition
Self-employed/consultant,Eastern Edition
Self-employed/consultant,Eastern Edition
Self-employed/consultant,Eastern Edition
Self-employed/consultant,Eastern Edition
Self-employed/consultant,Eastern Edition
Self-employed/consultant,Eastern Edition
Self-employed/consultant,Eastern Edition
Self-employed/consultant,Eastern Edition
Self-employed/consultant,Eastern Edition
Self-employed/consultant,Eastern Edition
Self-employed/consultant,Eastern Edition
Self-employed/consultant,Eastern Edition
Self-employed/consultant,Eastern Edition
Self-employed/consultant,Eastern Edition
Self-employed/consultant,Eastern Edition
Self-employed/consultant,Eastern Edition
Self-employed/consultant,Eastern Edition
Self-employed/consultant,Eastern Edition
Self-employed/consultant,Eastern Edition
Self-employed/consultant,Eastern Edition
Self-employed/consultant,Eastern Edition
Self-employed/consultant,Eastern Edition
Self-employed/consultant,Eastern Edition
Self-employed/consultant,Eastern Edition
Self-employed/consultant,Eastern Edition
Self-employed/consultant,Eastern Edition
Self-employed/consultant,Eastern Edition
Self-employed/consultant,Eastern Edition
Self-employed/consultant,Eastern Edition
Self-employed/consultant,Eastern Edition
Self-employed/consultant,Eastern Edition
Self-employed/consultant,Eastern Edition
Self-employed/consultant,Eastern Edition
Self-employed/consultant,Eastern Edition
Self-employed/consultant,Eastern Edition
Self-employed/consultant,Eastern Edition
Self-employed/consultant,Eastern Edition
Self-employed/consultant,Eastern Edition
Self-employed/consultant,Eastern Edition
Not employed,Eastern Edition
Not employed,Eastern Edition
Not employed,Eastern Edition
Not employed,Eastern Edition
Not employed,Eastern Edition
Not employed,Eastern Edition
Not employed,Eastern Edition
Not employed,Eastern Edition
Not employed,Eastern Edition
Not employed,Eastern Edition
Not employed,Eastern Edition
Not employed,Eastern Edition
Not employed,Eastern Edition
Not employed,Eastern Edition
Not employed,Eastern Edition
Not employed,Eastern Edition
Not employed,Eastern Edition
Not employed,Eastern Edition
Not employed,Eastern Edition
Not employed,Eastern Edition
Not employed,Eastern Edition
Not employed,Eastern Edition
Not employed,Eastern Edition
Not employed,Eastern Edition
Not employed,Eastern Edition
Not employed,Eastern Edition
Not employed,Eastern Edition
Not employed,Eastern Edition
Not employed,Eastern Edition
Not employed,Eastern Edition
Not employed,Eastern Edition
Not employed,Eastern Edition
Not employed,Eastern Edition
Not employed,Eastern Edition
Not employed,Eastern Edition
Not employed,Eastern Edition
Not employed,Eastern Edition
Not employed,Eastern Edition
Not employed,Eastern Edition
Not employed,Eastern Edition
Not employed,Eastern Edition
Not employed,Eastern Edition
Not employed,Eastern Edition
Not employed,Eastern Edition
Not employed,Eastern Edition
Not employed,Eastern Edition
Not employed,Eastern Edition
Not employed,Eastern Edition
Not employed,Eastern Edition
Not employed,Eastern Edition
Not employed,Eastern Edition
Not employed,Eastern Edition
Not employed,Eastern Edition
Not employed,Eastern Edition
Not employed,Eastern Edition
Not employed,Eastern Edition
Not employed,Eastern Edition
Not employed,Eastern Edition
Not employed,Eastern Edition
Not employed,Eastern Edition
Not employed,Eastern Edition
Not employed,Eastern Edition
Not employed,Eastern Edition
Not employed,Eastern Edition
Not employed,Eastern Edition
Not employed,Eastern Edition
Not employed,Eastern Edition
Not employed,Eastern Edition
Not employed,Eastern Edition
Not employed,Eastern Edition
Not employed,Eastern Edition
Not employed,Eastern Edition
Not employed,Eastern Edition
Not employed,Eastern Edition
Not employed,Eastern Edition
Not employed,Eastern Edition
Not employed,Eastern Edition
Not employed,Eastern Edition
Not employed,Eastern Edition
Not employed,Eastern Edition
Not employed,Eastern Edition
Not employed,Eastern Edition
Not employed,Eastern Edition
Not employed,Eastern Edition
Not employed,Eastern Edition
Not employed,Eastern Edition
Not employed,Eastern Edition
Not employed,Eastern Edition
Not employed,Eastern Edition
Not employed,Eastern Edition
Not employed,Eastern Edition
Not employed,Eastern Edition
Not employed,Eastern Edition
Not employed,Eastern Edition
Not employed,Eastern Edition
Not employed,Eastern Edition
Not employed,Eastern Edition
Not employed,Eastern Edition
Not employed,Eastern Edition
Not employed,Eastern Edition
Not employed,Eastern Edition
Not employed,Eastern Edition
Not employed,Eastern Edition
Not employed,Eastern Edition
Not employed,Eastern Edition
Not employed,Eastern Edition
Not employed,Eastern Edition
Not employed,Eastern Edition
Not employed,Eastern Edition
Not employed,Eastern Edition
Not employed,Eastern Edition
Not employed,Eastern Edition
Not employed,Eastern Edition
Not employed,Eastern Edition
Not employed,Eastern Edition
Not employed,Eastern Edition
Not employed,Eastern Edition
Not employed,Eastern Edition
Not employed,Eastern Edition
Not employed,Eastern Edition
Not employed,Eastern Edition
Not employed,Eastern Edition
Not employed,Eastern Edition
Not employed,Eastern Edition
Not employed,Eastern Edition
Not employed,Eastern Edition
Not employed,Eastern Edition
Not employed,Eastern Edition
Not employed,Eastern Edition
Not employed,Eastern Edition
Not employed,Eastern Edition
Not employed,Eastern Edition
Not employed,Eastern Edition
Not employed,Eastern Edition
Not employed,Eastern Edition
Not employed,Eastern Edition
Not employed,Eastern Edition
Not employed,Eastern Edition
Not employed,Eastern Edition
Not employed,Eastern Edition
Not employed,Eastern Edition
Not employed,Eastern Edition
Not employed,Eastern Edition
Not employed,Eastern Edition
Not employed,Eastern Edition
Not employed,Eastern Edition
Not employed,Eastern Edition
Not employed,Eastern Edition
Not employed,Eastern Edition
Not employed,Eastern Edition
Not employed,Eastern Edition
Not employed,Eastern Edition
Not employed,Eastern Edition
Not employed,Eastern Edition
Not employed,Eastern Edition
Not employed,Eastern Edition
Not employed,Eastern Edition
Not employed,Eastern Edition
Not employed,Eastern Edition
Not employed,Eastern Edition
Not employed,Eastern Edition
Not employed,Eastern Edition
Not employed,Eastern Edition
Not employed,Eastern Edition
Not employed,Eastern Edition
Not employed,Eastern Edition
Not employed,Eastern Edition
Not employed,Eastern Edition
Not employed,Eastern Edition
Not employed,Eastern Edition
Not employed,Eastern Edition
Not employed,Eastern Edition
Not employed,Eastern Edition
Not employed,Eastern Edition
Not employed,Eastern Edition
Not employed,Eastern Edition
Not employed,Eastern Edition
Not employed,Eastern Edition
Not employed,Eastern Edition
Not employed,Eastern Edition
Not employed,Eastern Edition
Not employed,Eastern Edition
Not employed,Eastern Edition
Not employed,Eastern Edition
Not employed,Eastern Edition
Not employed,Eastern Edition
Not employed,Eastern Edition
Not employed,Eastern Edition
Not employed,Eastern Edition
Not employed,Eastern Edition
Not employed,Eastern Edition
Not employed,Eastern Edition
Not employed,Eastern Edition
Not employed,Eastern Edition
Not employed,Eastern Edition
Not employed,Eastern Edition
Not employed,Eastern Edition
Not employed,Eastern Edition
Not employed,Eastern Edition
Not employed,Eastern Edition
Not employed,Eastern Edition
Not employed,Eastern Edition
Not employed,Eastern Edition
Not employed,Eastern Edition
Not employed,Eastern Edition
Not employed,Eastern Edition
Not employed,Eastern Edition
Not employed,Eastern Edition
Not employed,Eastern Edition
Not employed,Eastern Edition
Not employed,Eastern Edition
Not employed,Eastern Edition
Not employed,Eastern Edition
Not employed,Eastern Edition
Not employed,Eastern Edition
Not employed,Eastern Edition
Not employed,Eastern Edition
Not employed,Eastern Edition
Not employed,Eastern Edition
Not employed,Eastern Edition
Not employed,Eastern Edition
Not employed,Eastern Edition
Not employed,Eastern Edition
Not employed,Eastern Edition
Not employed,Eastern Edition
Not employed,Eastern Edition
Not employed,Eastern Edition
Not employed,Eastern Edition
Not employed,Eastern Edition
Not employed,Eastern Edition
Not employed,Eastern Edition
Not employed,Eastern Edition
Not employed,Eastern Edition
Not employed,Eastern Edition
Not employed,Eastern Edition
Not employed,Eastern Edition
Not employed,Eastern Edition
Not employed,Eastern Edition
Not employed,Eastern Edition
Not employed,Eastern Edition
Not employed,Eastern Edition
Not employed,Eastern Edition
Not employed,Eastern Edition
Not employed,Eastern Edition
Not employed,Eastern Edition
Not employed,Eastern Edition
Not employed,Eastern Edition
Not employed,Eastern Edition
Not employed,Eastern Edition
Not employed,Eastern Edition
Not employed,Eastern Edition
Not employed,Eastern Edition
Not employed,Eastern Edition
Not employed,Eastern Edition
Not employed,Eastern Edition
Not employed,Eastern Edition
Not employed,Eastern Edition
Not employed,Eastern Edition
Not employed,Eastern Edition
Not employed,Eastern Edition
Not employed,Eastern Edition
Not employed,Eastern Edition
Not employed,Eastern Edition
Not employed,Eastern Edition
Not employed,Eastern Edition
Not employed,Eastern Edition
Not employed,Eastern Edition
Not employed,Eastern Edition
Not employed,Eastern Edition
Not employed,Eastern Edition
Not employed,Eastern Edition
Not employed,Eastern Edition
Not employed,Eastern Edition
Not employed,Eastern Edition
Not employed,Eastern Edition
Not employed,Eastern Edition
Not employed,Eastern Edition
Not employed,Eastern Edition
Not employed,Eastern Edition
Not employed,Eastern Edition
Not employed,Eastern Edition
Not employed,Eastern Edition
Not employed,Eastern Edition
Not employed,Eastern Edition
Not employed,Eastern Edition
Not employed,Eastern Edition
Not employed,Eastern Edition
Not employed,Eastern Edition
Not employed,Eastern Edition
Not employed,Eastern Edition
Not employed,Eastern Edition
Not employed,Eastern Edition
Not employed,Eastern Edition
Not employed,Eastern Edition
Not employed,Eastern Edition
Not employed,Eastern Edition
Not employed,Eastern Edition
Not employed,Eastern Edition
Not employed,Eastern Edition
Not employed,Eastern Edition
Not employed,Eastern Edition
Not employed,Eastern Edition
Not employed,Eastern Edition
Not employed,Eastern Edition
Not employed,Eastern Edition
Not employed,Eastern Edition
Not employed,Eastern Edition
Not employed,Eastern Edition
Not employed,Eastern Edition
Not employed,Eastern Edition
Not employed,Eastern Edition
Not employed,Eastern Edition
Not employed,Eastern Edition
Not employed,Eastern Edition
Not employed,Eastern Edition
Not employed,Eastern Edition
Not employed,Eastern Edition
Not employed,Eastern Edition
Not employed,Eastern Edition
Not employed,Eastern Edition
Not employed,Eastern Edition
Not employed,Eastern Edition
Not employed,Eastern Edition
Not employed,Eastern Edition
Not employed,Eastern Edition
Not employed,Eastern Edition
Not employed,Eastern Edition
Not employed,Eastern Edition
Not employed,Eastern Edition
Not employed,Eastern Edition
Not employed,Eastern Edition
Not employed,Eastern Edition
Not employed,Eastern Edition
Not employed,Eastern Edition
Not employed,Eastern Edition
Not employed,Eastern Edition
Not employed,Eastern Edition
Not employed,Eastern Edition
Not employed,Eastern Edition
Not employed,Eastern Edition
Not employed,Eastern Edition
Not employed,Eastern Edition
Not employed,Eastern Edition
Not employed,Eastern Edition
Not employed,Eastern Edition
Not employed,Eastern Edition
Not employed,Eastern Edition
Not employed,Eastern Edition
Not employed,Eastern Edition
Not employed,Eastern Edition
Not employed,Eastern Edition
Not employed,Eastern Edition
Not employed,Eastern Edition
Not employed,Eastern Edition
Not employed,Eastern Edition
Not employed,Eastern Edition
Not employed,Eastern Edition
Not employed,Eastern Edition
Not employed,Eastern Edition
Not employed,Eastern Edition
Not employed,Eastern Edition
Not employed,Eastern Edition
Not employed,Eastern Edition
Not employed,Eastern Edition
Not employed,Eastern Edition
Not employed,Eastern Edition
Not employed,Eastern Edition
Not employed,Eastern Edition
Not employed,Eastern Edition
Not employed,Eastern Edition
Not employed,Eastern Edition
Not employed,Eastern Edition
Not employed,Eastern Edition
Not employed,Eastern Edition
Not employed,Eastern Edition
Not employed,Eastern Edition
Not employed,Eastern Edition
Not employed,Eastern Edition
Not employed,Eastern Edition
Not employed,Eastern Edition
Not employed,Eastern Edition
Not employed,Eastern Edition
Not employed,Eastern Edition
Not employed,Eastern Edition
Not employed,Eastern Edition
Not employed,Eastern Edition
Not employed,Eastern Edition
Not employed,Eastern Edition
Not employed,Eastern Edition
Not employed,Eastern Edition
Not employed,Eastern Edition
Not employed,Eastern Edition
Not employed,Eastern Edition
Not employed,Eastern Edition
Not employed,Eastern Edition
Not employed,Eastern Edition
Not employed,Eastern Edition
Not employed,Eastern Edition
Not employed,Eastern Edition
Not employed,Eastern Edition
Not employed,Eastern Edition
Not employed,Eastern Edition
Not employed,Eastern Edition
Not employed,Eastern Edition
Not employed,Eastern Edition
Not employed,Eastern Edition
Not employed,Eastern Edition
Not employed,Eastern Edition
Not employed,Eastern Edition
Not employed,Eastern Edition
Not employed,Eastern Edition
Not employed,Eastern Edition
Not employed,Eastern Edition
Not employed,Eastern Edition
Not employed,Eastern Edition
Not employed,Eastern Edition
Not employed,Eastern Edition
Not employed,Eastern Edition
Not employed,Eastern Edition
Not employed,Eastern Edition
Not employed,Eastern Edition
Not employed,Eastern Edition
Not employed,Eastern Edition
Not employed,Eastern Edition
Not employed,Eastern Edition
Not employed,Eastern Edition
Not employed,Eastern Edition
Not employed,Eastern Edition
Not employed,Eastern Edition
Not employed,Eastern Edition
Not employed,Eastern Edition
Not employed,Eastern Edition
Not employed,Eastern Edition
Not employed,Eastern Edition
Not employed,Eastern Edition
Not employed,Eastern Edition
Not employed,Eastern Edition
Not employed,Eastern Edition
Not employed,Eastern Edition
Not employed,Eastern Edition
Not employed,Eastern Edition
Not employed,Eastern Edition
Not employed,Eastern Edition
Not employed,Eastern Edition
Not employed,Eastern Edition
Not employed,Eastern Edition
Not employed,Eastern Edition
Not employed,Eastern Edition
Not employed,Eastern Edition
Not employed,Eastern Edition
Not employed,Eastern Edition
Not employed,Eastern Edition
Not employed,Eastern Edition
Not employed,Eastern Edition
Not employed,Eastern Edition
Not employed,Eastern Edition
Not employed,Eastern Edition
Not employed,Eastern Edition
Not employed,Eastern Edition
Not employed,Eastern Edition
Not employed,Eastern Edition
Not employed,Eastern Edition
Not employed,Eastern Edition
Not employed,Eastern Edition
Not employed,Eastern Edition
Not employed,Eastern Edition
Not employed,Eastern Edition
Not employed,Eastern Edition
Not employed,Eastern Edition
Not employed,Eastern Edition
Not employed,Eastern Edition
Not employed,Eastern Edition
Not employed,Eastern Edition
Not employed,Eastern Edition
Not employed,Eastern Edition
Not employed,Eastern Edition
Not employed,Eastern Edition
Not employed,Eastern Edition
Not employed,Eastern Edition
Not employed,Eastern Edition
Not employed,Eastern Edition
Not employed,Eastern Edition
Not employed,Eastern Edition
Not employed,Eastern Edition
Not employed,Eastern Edition
Full-time,Western Edition
Full-time,Western Edition
Full-time,Western Edition
Full-time,Western Edition
Full-time,Western Edition
Full-time,Western Edition
Full-time,Western Edition
Full-time,Western Edition
Full-time,Western Edition
Full-time,Western Edition
Full-time,Western Edition
Full-time,Western Edition
Full-time,Western Edition
Full-time,Western Edition
Full-time,Western Edition
Full-time,Western Edition
Full-time,Western Edition
Full-time,Western Edition
Full-time,Western Edition
Full-time,Western Edition
Full-time,Western Edition
Full-time,Western Edition
Full-time,Western Edition
Full-time,Western Edition
Full-time,Western Edition
Full-time,Western Edition
Full-time,Western Edition
Full-time,Western Edition
Full-time,Western Edition
Full-time,Western Edition
Full-time,Western Edition
Full-time,Western Edition
Full-time,Western Edition
Full-time,Western Edition
Full-time,Western Edition
Full-time,Western Edition
Full-time,Western Edition
Full-time,Western Edition
Full-time,Western Edition
Full-time,Western Edition
Full-time,Western Edition
Full-time,Western Edition
Full-time,Western Edition
Full-time,Western Edition
Full-time,Western Edition
Full-time,Western Edition
Full-time,Western Edition
Full-time,Western Edition
Full-time,Western Edition
Full-time,Western Edition
Full-time,Western Edition
Full-time,Western Edition
Full-time,Western Edition
Full-time,Western Edition
Full-time,Western Edition
Full-time,Western Edition
Full-time,Western Edition
Full-time,Western Edition
Full-time,Western Edition
Full-time,Western Edition
Full-time,Western Edition
Full-time,Western Edition
Full-time,Western Edition
Full-time,Western Edition
Full-time,Western Edition
Full-time,Western Edition
Full-time,Western Edition
Full-time,Western Edition
Full-time,Western Edition
Full-time,Western Edition
Full-time,Western Edition
Full-time,Western Edition
Full-time,Western Edition
Full-time,Western Edition
Full-time,Western Edition
Full-time,Western Edition
Full-time,Western Edition
Full-time,Western Edition
Full-time,Western Edition
Full-time,Western Edition
Full-time,Western Edition
Full-time,Western Edition
Full-time,Western Edition
Full-time,Western Edition
Full-time,Western Edition
Full-time,Western Edition
Full-time,Western Edition
Full-time,Western Edition
Full-time,Western Edition
Full-time,Western Edition
Full-time,Western Edition
Full-time,Western Edition
Full-time,Western Edition
Full-time,Western Edition
Full-time,Western Edition
Full-time,Western Edition
Full-time,Western Edition
Full-time,Western Edition
Full-time,Western Edition
Full-time,Western Edition
Full-time,Western Edition
Full-time,Western Edition
Full-time,Western Edition
Full-time,Western Edition
Full-time,Western Edition
Full-time,Western Edition
Full-time,Western Edition
Full-time,Western Edition
Full-time,Western Edition
Full-time,Western Edition
Full-time,Western Edition
Full-time,Western Edition
Full-time,Western Edition
Full-time,Western Edition
Full-time,Western Edition
Full-time,Western Edition
Full-time,Western Edition
Full-time,Western Edition
Full-time,Western Edition
Full-time,Western Edition
Full-time,Western Edition
Full-time,Western Edition
Full-time,Western Edition
Full-time,Western Edition
Full-time,Western Edition
Full-time,Western Edition
Full-time,Western Edition
Full-time,Western Edition
Full-time,Western Edition
Full-time,Western Edition
Full-time,Western Edition
Full-time,Western Edition
Full-time,Western Edition
Full-time,Western Edition
Full-time,Western Edition
Full-time,Western Edition
Full-time,Western Edition
Full-time,Western Edition
Full-time,Western Edition
Full-time,Western Edition
Full-time,Western Edition
Full-time,Western Edition
Full-time,Western Edition
Full-time,Western Edition
Full-time,Western Edition
Full-time,Western Edition
Full-time,Western Edition
Full-time,Western Edition
Full-time,Western Edition
Full-time,Western Edition
Full-time,Western Edition
Full-time,Western Edition
Full-time,Western Edition
Full-time,Western Edition
Full-time,Western Edition
Full-time,Western Edition
Full-time,Western Edition
Full-time,Western Edition
Full-time,Western Edition
Full-time,Western Edition
Full-time,Western Edition
Full-time,Western Edition
Full-time,Western Edition
Full-time,Western Edition
Full-time,Western Edition
Full-time,Western Edition
Full-time,Western Edition
Full-time,Western Edition
Full-time,Western Edition
Full-time,Western Edition
Full-time,Western Edition
Full-time,Western Edition
Full-time,Western Edition
Full-time,Western Edition
Full-time,Western Edition
Full-time,Western Edition
Full-time,Western Edition
Full-time,Western Edition
Full-time,Western Edition
Full-time,Western Edition
Full-time,Western Edition
Full-time,Western Edition
Full-time,Western Edition
Full-time,Western Edition
Full-time,Western Edition
Full-time,Western Edition
Full-time,Western Edition
Full-time,Western Edition
Full-time,Western Edition
Full-time,Western Edition
Full-time,Western Edition
Full-time,Western Edition
Full-time,Western Edition
Full-time,Western Edition
Full-time,Western Edition
Full-time,Western Edition
Full-time,Western Edition
Full-time,Western Edition
Full-time,Western Edition
Full-time,Western Edition
Full-time,Western Edition
Full-time,Western Edition
Full-time,Western Edition
Full-time,Western Edition
Full-time,Western Edition
Full-time,Western Edition
Full-time,Western Edition
Full-time,Western Edition
Full-time,Western Edition
Full-time,Western Edition
Full-time,Western Edition
Full-time,Western Edition
Full-time,Western Edition
Full-time,Western Edition
Full-time,Western Edition
Full-time,Western Edition
Full-time,Western Edition
Full-time,Western Edition
Full-time,Western Edition
Full-time,Western Edition
Full-time,Western Edition
Full-time,Western Edition
Full-time,Western Edition
Full-time,Western Edition
Full-time,Western Edition
Full-time,Western Edition
Full-time,Western Edition
Full-time,Western Edition
Full-time,Western Edition
Full-time,Western Edition
Full-time,Western Edition
Full-time,Western Edition
Full-time,Western Edition
Full-time,Western Edition
Full-time,Western Edition
Full-time,Western Edition
Full-time,Western Edition
Full-time,Western Edition
Full-time,Western Edition
Full-time,Western Edition
Full-time,Western Edition
Full-time,Western Edition
Full-time,Western Edition
Full-time,Western Edition
Full-time,Western Edition
Full-time,Western Edition
Full-time,Western Edition
Full-time,Western Edition
Full-time,Western Edition
Full-time,Western Edition
Full-time,Western Edition
Full-time,Western Edition
Full-time,Western Edition
Full-time,Western Edition
Full-time,Western Edition
Full-time,Western Edition
Full-time,Western Edition
Full-time,Western Edition
Full-time,Western Edition
Full-time,Western Edition
Full-time,Western Edition
Full-time,Western Edition
Full-time,Western Edition
Full-time,Western Edition
Full-time,Western Edition
Full-time,Western Edition
Full-time,Western Edition
Full-time,Western Edition
Full-time,Western Edition
Full-time,Western Edition
Full-time,Western Edition
Full-time,Western Edition
Full-time,Western Edition
Full-time,Western Edition
Full-time,Western Edition
Full-time,Western Edition
Full-time,Western Edition
Full-time,Western Edition
Full-time,Western Edition
Full-time,Western Edition
Full-time,Western Edition
Full-time,Western Edition
Full-time,Western Edition
Full-time,Western Edition
Full-time,Western Edition
Full-time,Western Edition
Full-time,Western Edition
Full-time,Western Edition
Full-time,Western Edition
Full-time,Western Edition
Full-time,Western Edition
Full-time,Western Edition
Full-time,Western Edition
Full-time,Western Edition
Full-time,Western Edition
Full-time,Western Edition
Full-time,Western Edition
Full-time,Western Edition
Full-time,Western Edition
Full-time,Western Edition
Full-time,Western Edition
Full-time,Western Edition
Full-time,Western Edition
Full-time,Western Edition
Full-time,Western Edition
Full-time,Western Edition
Full-time,Western Edition
Full-time,Western Edition
Full-time,Western Edition
Full-time,Western Edition
Full-time,Western Edition
Full-time,Western Edition
Full-time,Western Edition
Full-time,Western Edition
Full-time,Western Edition
Full-time,Western Edition
Full-time,Western Edition
Full-time,Western Edition
Full-time,Western Edition
Full-time,Western Edition
Full-time,Western Edition
Full-time,Western Edition
Full-time,Western Edition
Full-time,Western Edition
Full-time,Western Edition
Full-time,Western Edition
Full-time,Western Edition
Full-time,Western Edition
Full-time,Western Edition
Full-time,Western Edition
Full-time,Western Edition
Full-time,Western Edition
Full-time,Western Edition
Full-time,Western Edition
Full-time,Western Edition
Full-time,Western Edition
Full-time,Western Edition
Full-time,Western Edition
Full-time,Western Edition
Full-time,Western Edition
Full-time,Western Edition
Full-time,Western Edition
Full-time,Western Edition
Full-time,Western Edition
Full-time,Western Edition
Full-time,Western Edition
Full-time,Western Edition
Full-time,Western Edition
Full-time,Western Edition
Full-time,Western Edition
Full-time,Western Edition
Full-time,Western Edition
Full-time,Western Edition
Full-time,Western Edition
Full-time,Western Edition
Full-time,Western Edition
Full-time,Western Edition
Full-time,Western Edition
Full-time,Western Edition
Full-time,Western Edition
Full-time,Western Edition
Full-time,Western Edition
Full-time,Western Edition
Full-time,Western Edition
Full-time,Western Edition
Full-time,Western Edition
Full-time,Western Edition
Full-time,Western Edition
Full-time,Western Edition
Full-time,Western Edition
Full-time,Western Edition
Full-time,Western Edition
Full-time,Western Edition
Full-time,Western Edition
Full-time,Western Edition
Full-time,Western Edition
Full-time,Western Edition
Full-time,Western Edition
Full-time,Western Edition
Full-time,Western Edition
Full-time,Western Edition
Full-time,Western Edition
Full-time,Western Edition
Full-time,Western Edition
Full-time,Western Edition
Full-time,Western Edition
Full-time,Western Edition
Full-time,Western Edition
Full-time,Western Edition
Full-time,Western Edition
Full-time,Western Edition
Full-time,Western Edition
Full-time,Western Edition
Full-time,Western Edition
Full-time,Western Edition
Full-time,Western Edition
Full-time,Western Edition
Full-time,Western Edition
Full-time,Western Edition
Full-time,Western Edition
Full-time,Western Edition
Full-time,Western Edition
Full-time,Western Edition
Full-time,Western Edition
Full-time,Western Edition
Full-time,Western Edition
Full-time,Western Edition
Full-time,Western Edition
Full-time,Western Edition
Full-time,Western Edition
Full-time,Western Edition
Full-time,Western Edition
Full-time,Western Edition
Full-time,Western Edition
Full-time,Western Edition
Full-time,Western Edition
Full-time,Western Edition
Full-time,Western Edition
Full-time,Western Edition
Full-time,Western Edition
Full-time,Western Edition
Full-time,Western Edition
Full-time,Western Edition
Full-time,Western Edition
Full-time,Western Edition
Full-time,Western Edition
Full-time,Western Edition
Full-time,Western Edition
Full-time,Western Edition
Full-time,Western Edition
Full-time,Western Edition
Full-time,Western Edition
Full-time,Western Edition
Full-time,Western Edition
Full-time,Western Edition
Full-time,Western Edition
Full-time,Western Edition
Full-time,Western Edition
Full-time,Western Edition
Full-time,Western Edition
Full-time,Western Edition
Full-time,Western Edition
Full-time,Western Edition
Full-time,Western Edition
Full-time,Western Edition
Full-time,Western Edition
Full-time,Western Edition
Full-time,Western Edition
Full-time,Western Edition
Full-time,Western Edition
Full-time,Western Edition
Full-time,Western Edition
Full-time,Western Edition
Full-time,Western Edition
Full-time,Western Edition
Full-time,Western Edition
Full-time,Western Edition
Full-time,Western Edition
Full-time,Western Edition
Full-time,Western Edition
Full-time,Western Edition
Full-time,Western Edition
Full-time,Western Edition
Full-time,Western Edition
Full-time,Western Edition
Full-time,Western Edition
Full-time,Western Edition
Full-time,Western Edition
Full-time,Western Edition
Full-time,Western Edition
Full-time,Western Edition
Full-time,Western Edition
Full-time,Western Edition
Full-time,Western Edition
Full-time,Western Edition
Full-time,Western Edition
Full-time,Western Edition
Full-time,Western Edition
Full-time,Western Edition
Full-time,Western Edition
Full-time,Western Edition
Full-time,Western Edition
Full-time,Western Edition
Full-time,Western Edition
Full-time,Western Edition
Full-time,Western Edition
Full-time,Western Edition
Full-time,Western Edition
Full-time,Western Edition
Full-time,Western Edition
Full-time,Western Edition
Full-time,Western Edition
Full-time,Western Edition
Full-time,Western Edition
Full-time,Western Edition
Full-time,Western Edition
Full-time,Western Edition
Full-time,Western Edition
Full-time,Western Edition
Full-time,Western Edition
Full-time,Western Edition
Full-time,Western Edition
Full-time,Western Edition
Full-time,Western Edition
Full-time,Western Edition
Full-time,Western Edition
Full-time,Western Edition
Full-time,Western Edition
Full-time,Western Edition
Full-time,Western Edition
Full-time,Western Edition
Full-time,Western Edition
Full-time,Western Edition
Full-time,Western Edition
Full-time,Western Edition
Full-time,Western Edition
Full-time,Western Edition
Full-time,Western Edition
Full-time,Western Edition
Full-time,Western Edition
Full-time,Western Edition
Full-time,Western Edition
Full-time,Western Edition
Full-time,Western Edition
Full-time,Western Edition
Full-time,Western Edition
Full-time,Western Edition
Full-time,Western Edition
Full-time,Western Edition
Full-time,Western Edition
Full-time,Western Edition
Full-time,Western Edition
Full-time,Western Edition
Full-time,Western Edition
Full-time,Western Edition
Full-time,Western Edition
Full-time,Western Edition
Full-time,Western Edition
Full-time,Western Edition
Full-time,Western Edition
Full-time,Western Edition
Full-time,Western Edition
Full-time,Western Edition
Full-time,Western Edition
Full-time,Western Edition
Full-time,Western Edition
Full-time,Western Edition
Full-time,Western Edition
Full-time,Western Edition
Full-time,Western Edition
Full-time,Western Edition
Full-time,Western Edition
Full-time,Western Edition
Full-time,Western Edition
Full-time,Western Edition
Full-time,Western Edition
Full-time,Western Edition
Full-time,Western Edition
Full-time,Western Edition
Full-time,Western Edition
Full-time,Western Edition
Full-time,Western Edition
Full-time,Western Edition
Full-time,Western Edition
Full-time,Western Edition
Full-time,Western Edition
Full-time,Western Edition
Full-time,Western Edition
Full-time,Western Edition
Full-time,Western Edition
Full-time,Western Edition
Full-time,Western Edition
Full-time,Western Edition
Full-time,Western Edition
Part-time,Western Edition
Part-time,Western Edition
Part-time,Western Edition
Part-time,Western Edition
Part-time,Western Edition
Part-time,Western Edition
Part-time,Western Edition
Part-time,Western Edition
Part-time,Western Edition
Part-time,Western Edition
Part-time,Western Edition
Part-time,Western Edition
Part-time,Western Edition
Part-time,Western Edition
Part-time,Western Edition
Self-employed/consultant,Western Edition
Self-employed/consultant,Western Edition
Self-employed/consultant,Western Edition
Self-employed/consultant,Western Edition
Self-employed/consultant,Western Edition
Self-employed/consultant,Western Edition
Self-employed/consultant,Western Edition
Self-employed/consultant,Western Edition
Self-employed/consultant,Western Edition
Self-employed/consultant,Western Edition
Self-employed/consultant,Western Edition
Self-employed/consultant,Western Edition
Self-employed/consultant,Western Edition
Self-employed/consultant,Western Edition
Self-employed/consultant,Western Edition
Self-employed/consultant,Western Edition
Self-employed/consultant,Western Edition
Self-employed/consultant,Western Edition
Self-employed/consultant,Western Edition
Self-employed/consultant,Western Edition
Self-employed/consultant,Western Edition
Self-employed/consultant,Western Edition
Self-employed/consultant,Western Edition
Self-employed/consultant,Western Edition
Self-employed/consultant,Western Edition
Self-employed/consultant,Western Edition
Self-employed/consultant,Western Edition
Self-employed/consultant,Western Edition
Self-employed/consultant,Western Edition
Self-employed/consultant,Western Edition
Self-employed/consultant,Western Edition
Self-employed/consultant,Western Edition
Self-employed/consultant,Western Edition
Self-employed/consultant,Western Edition
Self-employed/consultant,Western Edition
Self-employed/consultant,Western Edition
Self-employed/consultant,Western Edition
Self-employed/consultant,Western Edition
Self-employed/consultant,Western Edition
Self-employed/consultant,Western Edition
Self-employed/consultant,Western Edition
Self-employed/consultant,Western Edition
Self-employed/consultant,Western Edition
Self-employed/consultant,Western Edition
Self-employed/consultant,Western Edition
Self-employed/consultant,Western Edition
Self-employed/consultant,Western Edition
Self-employed/consultant,Western Edition
Self-employed/consultant,Western Edition
Self-employed/consultant,Western Edition
Self-employed/consultant,Western Edition
Self-employed/consultant,Western Edition
Self-employed/consultant,Western Edition
Self-employed/consultant,Western Edition
Self-employed/consultant,Western Edition
Self-employed/consultant,Western Edition
Self-employed/consultant,Western Edition
Self-employed/consultant,Western Edition
Self-employed/consultant,Western Edition
Self-employed/consultant,Western Edition
Self-employed/consultant,Western Edition
Self-employed/consultant,Western Edition
Self-employed/consultant,Western Edition
Self-employed/consultant,Western Edition
Self-employed/consultant,Western Edition
Self-employed/consultant,Western Edition
Self-employed/consultant,Western Edition
Self-employed/consultant,Western Edition
Self-employed/consultant,Western Edition
Self-employed/consultant,Western Edition
Self-employed/consultant,Western Edition
Self-employed/consultant,Western Edition
Self-employed/consultant,Western Edition
Self-employed/consultant,Western Edition
Self-employed/consultant,Western Edition
Self-employed/consultant,Western Edition
Self-employed/consultant,Western Edition
Self-employed/consultant,Western Edition
Self-employed/consultant,Western Edition
Self-employed/consultant,Western Edition
Self-employed/consultant,Western Edition
Self-employed/consultant,Western Edition
Self-employed/consultant,Western Edition
Self-employed/consultant,Western Edition
Self-employed/consultant,Western Edition
Self-employed/consultant,Western Edition
Self-employed/consultant,Western Edition
Self-employed/consultant,Western Edition
Self-employed/consultant,Western Edition
Self-employed/consultant,Western Edition
Self-employed/consultant,Western Edition
Self-employed/consultant,Western Edition
Self-employed/consultant,Western Edition
Self-employed/consultant,Western Edition
Self-employed/consultant,Western Edition
Self-employed/consultant,Western Edition
Self-employed/consultant,Western Edition
Self-employed/consultant,Western Edition
Self-employed/consultant,Western Edition
Self-employed/consultant,Western Edition
Self-employed/consultant,Western Edition
Self-employed/consultant,Western Edition
Self-employed/consultant,Western Edition
Self-employed/consultant,Western Edition
Self-employed/consultant,Western Edition
Self-employed/consultant,Western Edition
Self-employed/consultant,Western Edition
Self-employed/consultant,Western Edition
Self-employed/consultant,Western Edition
Self-employed/consultant,Western Edition
Self-employed/consultant,Western Edition
Self-employed/consultant,Western Edition
Self-employed/consultant,Western Edition
Self-employed/consultant,Western Edition
Self-employed/consultant,Western Edition
Self-employed/consultant,Western Edition
Self-employed/consultant,Western Edition
Self-employed/consultant,Western Edition
Self-employed/consultant,Western Edition
Self-employed/consultant,Western Edition
Self-employed/consultant,Western Edition
Self-employed/consultant,Western Edition
Self-employed/consultant,Western Edition
Self-employed/consultant,Western Edition
Self-employed/consultant,Western Edition
Self-employed/consultant,Western Edition
Self-employed/consultant,Western Edition
Self-employed/consultant,Western Edition
Self-employed/consultant,Western Edition
Self-employed/consultant,Western Edition
Self-employed/consultant,Western Edition
Self-employed/consultant,Western Edition
Self-employed/consultant,Western Edition
Self-employed/consultant,Western Edition
Self-employed/consultant,Western Edition
Self-employed/consultant,Western Edition
Self-employed/consultant,Western Edition
Self-employed/consultant,Western Edition
Self-employed/consultant,Western Edition
Self-employed/consultant,Western Edition
Self-employed/consultant,Western Edition
Self-employed/consultant,Western Edition
Self-employed/consultant,Western Edition
Self-employed/consultant,Western Edition
Self-employed/consultant,Western Edition
Self-employed/consultant,Western Edition
Self-employed/consultant,Western Edition
Self-employed/consultant,Western Edition
Self-employed/consultant,Western Edition
Self-employed/consultant,Western Edition
Self-employed/consultant,Western Edition
Self-employed/consultant,Western Edition
Self-employed/consultant,Western Edition
Self-employed/consultant,Western Edition
Self-employed/consultant,Western Edition
Self-employed/consultant,Western Edition
Self-employed/consultant,Western Edition
Self-employed/consultant,Western Edition
Self-employed/consultant,Western Edition
Self-employed/consultant,Western Edition
Self-employed/consultant,Western Edition
Self-employed/consultant,Western Edition
Self-employed/consultant,Western Edition
Self-employed/consultant,Western Edition
Self-employed/consultant,Western Edition
Self-employed/consultant,Western Edition
Self-employed/consultant,Western Edition
Self-employed/consultant,Western Edition
Self-employed/consultant,Western Edition
Self-employed/consultant,Western Edition
Self-employed/consultant,Western Edition
Self-employed/consultant,Western Edition
Self-employed/consultant,Western Edition
Self-employed/consultant,Western Edition
Self-employed/consultant,Western Edition
Self-employed/consultant,Western Edition
Self-employed/consultant,Western Edition
Self-employed/consultant,Western Edition
Self-employed/consultant,Western Edition
Self-employed/consultant,Western Edition
Self-employed/consultant,Western Edition
Self-employed/consultant,Western Edition
Self-employed/consultant,Western Edition
Self-employed/consultant,Western Edition
Self-employed/consultant,Western Edition
Self-employed/consultant,Western Edition
Not employed,Western Edition
Not employed,Western Edition
Not employed,Western Edition
Not employed,Western Edition
Not employed,Western Edition
Not employed,Western Edition
Not employed,Western Edition
Not employed,Western Edition
Not employed,Western Edition
Not employed,Western Edition
Not employed,Western Edition
Not employed,Western Edition
Not employed,Western Edition
Not employed,Western Edition
Not employed,Western Edition
Not employed,Western Edition
Not employed,Western Edition
Not employed,Western Edition
Not employed,Western Edition
Not employed,Western Edition
Not employed,Western Edition
Not employed,Western Edition
Not employed,Western Edition
Not employed,Western Edition
Not employed,Western Edition
Not employed,Western Edition
Not employed,Western Edition
Not employed,Western Edition
Not employed,Western Edition
Not employed,Western Edition
Not employed,Western Edition
Not employed,Western Edition
Not employed,Western Edition
Not employed,Western Edition
Not employed,Western Edition
Not employed,Western Edition
Not employed,Western Edition
Not employed,Western Edition
Not employed,Western Edition
Not employed,Western Edition
Not employed,Western Edition
Not employed,Western Edition
Not employed,Western Edition
Not employed,Western Edition
Not employed,Western Edition
Not employed,Western Edition
Not employed,Western Edition
Not employed,Western Edition
Not employed,Western Edition
Not employed,Western Edition
Not employed,Western Edition
Not employed,Western Edition
Not employed,Western Edition
Not employed,Western Edition
Not employed,Western Edition
Not employed,Western Edition
Not employed,Western Edition
Not employed,Western Edition
Not employed,Western Edition
Not employed,Western Edition
Not employed,Western Edition
Not employed,Western Edition
Not employed,Western Edition
Not employed,Western Edition
Not employed,Western Edition
Not employed,Western Edition
Not employed,Western Edition
Not employed,Western Edition
Not employed,Western Edition
Not employed,Western Edition
Not employed,Western Edition
Not employed,Western Edition
Not employed,Western Edition
Not employed,Western Edition
Not employed,Western Edition
Not employed,Western Edition
Not employed,Western Edition
Not employed,Western Edition
Not employed,Western Edition
Not employed,Western Edition
Not employed,Western Edition
Not employed,Western Edition
Not employed,Western Edition
Not employed,Western Edition
Not employed,Western Edition
Not employed,Western Edition
Not employed,Western Edition
Not employed,Western Edition
Not employed,Western Edition
Not employed,Western Edition
Not employed,Western Edition
Not employed,Western Edition
Not employed,Western Edition
Not employed,Western Edition
Not employed,Western Edition
Not employed,Western Edition
Not employed,Western Edition
Not employed,Western Edition
Not employed,Western Edition
Not employed,Western Edition
Not employed,Western Edition
Not employed,Western Edition
Not employed,Western Edition
Not employed,Western Edition
Not employed,Western Edition
Not employed,Western Edition
Not employed,Western Edition
Not employed,Western Edition
Not employed,Western Edition
Not employed,Western Edition
Not employed,Western Edition
Not employed,Western Edition
Not employed,Western Edition
Not employed,Western Edition
Not employed,Western Edition
Not employed,Western Edition
Not employed,Western Edition
Not employed,Western Edition
Not employed,Western Edition
Not employed,Western Edition
Not employed,Western Edition
Not employed,Western Edition
Not employed,Western Edition
Not employed,Western Edition
Not employed,Western Edition
Not employed,Western Edition
Not employed,Western Edition
Not employed,Western Edition
Not employed,Western Edition
Not employed,Western Edition
Not employed,Western Edition
Not employed,Western Edition
Not employed,Western Edition
Not employed,Western Edition
Not employed,Western Edition
Not employed,Western Edition
Not employed,Western Edition
Not employed,Western Edition
Not employed,Western Edition
Not employed,Western Edition
Not employed,Western Edition
Not employed,Western Edition
Not employed,Western Edition
Not employed,Western Edition
Not employed,Western Edition
Not employed,Western Edition
Not employed,Western Edition
Not employed,Western Edition
Not employed,Western Edition
Not employed,Western Edition
Not employed,Western Edition
Not employed,Western Edition
Not employed,Western Edition
Not employed,Western Edition
Not employed,Western Edition
Not employed,Western Edition
Not employed,Western Edition
Not employed,Western Edition
Not employed,Western Edition
Not employed,Western Edition
Not employed,Western Edition
Not employed,Western Edition
Not employed,Western Edition
Not employed,Western Edition
Not employed,Western Edition
Not employed,Western Edition
Not employed,Western Edition
Not employed,Western Edition
Not employed,Western Edition
Not employed,Western Edition
Not employed,Western Edition
Not employed,Western Edition
Not employed,Western Edition
Not employed,Western Edition
Not employed,Western Edition
Not employed,Western Edition
Not employed,Western Edition
Not employed,Western Edition
Not employed,Western Edition
Not employed,Western Edition
Not employed,Western Edition
Not employed,Western Edition
Not employed,Western Edition
Not employed,Western Edition
Not employed,Western Edition
Not employed,Western Edition
Not employed,Western Edition
Not employed,Western Edition
Not employed,Western Edition
Not employed,Western Edition
Not employed,Western Edition
Not employed,Western Edition
Not employed,Western Edition
Not employed,Western Edition
Not employed,Western Edition
Not employed,Western Edition
Not employed,Western Edition
Not employed,Western Edition
Not employed,Western Edition
Not employed,Western Edition
Not employed,Western Edition
Not employed,Western Edition
Not employed,Western Edition
Not employed,Western Edition
Not employed,Western Edition
Not employed,Western Edition
Not employed,Western Edition
Not employed,Western Edition
Not employed,Western Edition
Not employed,Western Edition
Not employed,Western Edition
Not employed,Western Edition
Not employed,Western Edition
Not employed,Western Edition
Not employed,Western Edition
Not employed,Western Edition
Not employed,Western Edition
Not employed,Western Edition
Not employed,Western Edition
Not employed,Western Edition
Not employed,Western Edition
Not employed,Western Edition
Not employed,Western Edition
Not employed,Western Edition
Not employed,Western Edition
Not employed,Western Edition
Not employed,Western Edition
Not employed,Western Edition
Not employed,Western Edition
Not employed,Western Edition
Not employed,Western Edition
Not employed,Western Edition
Not employed,Western Edition
Not employed,Western Edition
Not employed,Western Edition
Not employed,Western Edition
Not employed,Western Edition
Not employed,Western Edition
Not employed,Western Edition
Not employed,Western Edition
Not employed,Western Edition
Not employed,Western Edition
Not employed,Western Edition
Not employed,Western Edition
Not employed,Western Edition
Not employed,Western Edition
Not employed,Western Edition
Not employed,Western Edition
Not employed,Western Edition
Not employed,Western Edition
Not employed,Western Edition
Not employed,Western Edition
Not employed,Western Edition
Not employed,Western Edition
Not employed,Western Edition
Not employed,Western Edition
Not employed,Western Edition
Not employed,Western Edition
Not employed,Western Edition
Not employed,Western Edition
Not employed,Western Edition
Not employed,Western Edition
Not employed,Western Edition
Not employed,Western Edition
Not employed,Western Edition
Not employed,Western Edition
Not employed,Western Edition
Not employed,Western Edition
Not employed,Western Edition
Not employed,Western Edition
Not employed,Western Edition
Not employed,Western Edition
Not employed,Western Edition
Not employed,Western Edition
Not employed,Western Edition
Not employed,Western Edition
Not employed,Western Edition
Not employed,Western Edition
Not employed,Western Edition
Not employed,Western Edition
Not employed,Western Edition
Not employed,Western Edition
Not employed,Western Edition
Not employed,Western Edition
Not employed,Western Edition
Not employed,Western Edition
Not employed,Western Edition
Not employed,Western Edition
Not employed,Western Edition
Not employed,Western Edition
Not employed,Western Edition
Not employed,Western Edition
Not employed,Western Edition
Not employed,Western Edition
Not employed,Western Edition
Not employed,Western Edition
Not employed,Western Edition
Not employed,Western Edition
Not employed,Western Edition
Not employed,Western Edition
Not employed,Western Edition
Not employed,Western Edition
Not employed,Western Edition
Not employed,Western Edition
Not employed,Western Edition
Not employed,Western Edition
Not employed,Western Edition
Not employed,Western Edition
Not employed,Western Edition
Not employed,Western Edition
Not employed,Western Edition
Not employed,Western Edition
Not employed,Western Edition
Not employed,Western Edition
Not employed,Western Edition
Not employed,Western Edition
Not employed,Western Edition
Not employed,Western Edition
Not employed,Western Edition
Not employed,Western Edition
Not employed,Western Edition
Not employed,Western Edition
Not employed,Western Edition
Not employed,Western Edition
Not employed,Western Edition
Not employed,Western Edition
Not employed,Western Edition
Not employed,Western Edition
Not employed,Western Edition
Not employed,Western Edition
Not employed,Western Edition
Not employed,Western Edition
Not employed,Western Edition
Not employed,Western Edition
Not employed,Western Edition
Not employed,Western Edition
Not employed,Western Edition
Not employed,Western Edition
Not employed,Western Edition
Not employed,Western Edition
Not employed,Western Edition
Not employed,Western Edition
Not employed,Western Edition
Not employed,Western Edition
